Question ID,Question,Option A,Option B,Option C,Option D,Answer,Explanation
1,What is 'python'[1:4]?,tho,yth,ytho,pyt,yth,Slicing from index 1 up to 4 takes the middle chunk yth.
2,What is the output of print(0 * -1)?,1,-1,0,Error,0,"Multiplication of 0 and -1 gives 0, so 0 is right."
3,"What is {1,2} | {2,3}?","{2,3}","{1,2}","{1, 2, 3}",{2},"{1, 2, 3}",Set union combines unique elements from both sets.
4,What is the output of print(-4 * -7)?,29,3,28,Error,28,"Multiplication of -4 and -7 gives 28, so 28 is right."
5,What is 'mississippi'.count('ss')?,2,4,0,1,2,2 is correct because it matches how this feature behaves in Python.
6,What is the output of print(3 * 6)?,Error,18,9,-3,18,"Multiplication of 3 and 6 gives 18, so 18 is right."
7,What is the output of print(-7 * 7)?,-49,-14,-50,-48,-49,"Multiplication of -7 and 7 gives -49, so -49 is right."
8,What is the output of print(-3 * 7)?,Error,-21,-10,4,-21,"Multiplication of -3 and 7 gives -21, so -21 is right."
9,"What is sorted([3,1,2])?","[1,3,2]","[1, 2, 3]",[],"[3,2,1]","[1, 2, 3]","sorted creates and returns a new sorted list, leaving the original alone."
10,What is the output of print(-5 * -5)?,26,24,-10,25,25,"Multiplication of -5 and -5 gives 25, so 25 is right."
11,What is the output of print(2 * 0)?,-1,2,0,Error,0,"Multiplication of 2 and 0 gives 0, so 0 is right."
12,What is the output of print(3 * -9)?,-28,Error,-27,-26,-27,"Multiplication of 3 and -9 gives -27, so -27 is right."
13,What is the output of print(type([]).__name__)?,object,list,dict,tuple,list,"Lists use square brackets and are mutable ordered collections, so their type is list."
14,What is the output of print(2 * 9)?,18,17,11,19,18,"Multiplication of 2 and 9 gives 18, so 18 is right."
15,What is the output of print(-6 * -8)?,48,2,47,49,48,"Multiplication of -6 and -8 gives 48, so 48 is right."
16,What does {x for x in 'aab'} produce length of?,3,0,1,2,2,"A set comprehension keeps unique letters only, so only a and b remain, making the length 2."
17,What is the output of print(-5 * 4)?,-20,-1,Error,-21,-20,"Multiplication of -5 and 4 gives -20, so -20 is right."
18,What is the output of print(2 * 5)?,Error,7,-3,10,10,"Multiplication of 2 and 5 gives 10, so 10 is right."
19,What is the output of print(9 * -8)?,17,1,-72,-73,-72,"Multiplication of 9 and -8 gives -72, so -72 is right."
20,What is the output of print(9 * -4)?,Error,13,-37,-36,-36,"Multiplication of 9 and -4 gives -36, so -36 is right."
21,What is 'python'[1:4]?,ytho,tho,yth,pyt,yth,Slicing from index 1 up to 4 takes the middle chunk yth.
22,What is the output of print(-4 * 1)?,-4,-5,-3,Error,-4,"Multiplication of -4 and 1 gives -4, so -4 is right."
23,What is the output of print(8 * -3)?,-24,11,-23,-25,-24,"Multiplication of 8 and -3 gives -24, so -24 is right."
24,What is the output of print(2 * -7)?,9,-5,-15,-14,-14,"Multiplication of 2 and -7 gives -14, so -14 is right."
25,Which built-in type is immutable?,list,tuple,dict,set,tuple,"Tuples are immutable, so once created their contents cannot be changed."
26,What is the output of print(-7 * 3)?,Error,-4,-10,-21,-21,"Multiplication of -7 and 3 gives -21, so -21 is right."
27,What is the output of print(7 * -2)?,-14,9,Error,-15,-14,"Multiplication of 7 and -2 gives -14, so -14 is right."
28,What is the output of print(2 * -4)?,-8,Error,6,-2,-8,"Multiplication of 2 and -4 gives -8, so -8 is right."
29,What is [i for i in range(3)][-1]?,FALSE,1,2,0,2,2 is correct because it matches how this feature behaves in Python.
30,What is the output of print(-7 * -4)?,-3,28,Error,27,28,"Multiplication of -7 and -4 gives 28, so 28 is right."
31,What is the output of print(-8 * 6)?,-49,-2,Error,-48,-48,"Multiplication of -8 and 6 gives -48, so -48 is right."
32,What is the output of print(-6 * -2)?,Error,-4,13,12,12,"Multiplication of -6 and -2 gives 12, so 12 is right."
33,What is ''.strip()?,'' '',None,,' ',,nan is correct because it matches how this feature behaves in Python.
34,What is the output of print(-8 * -7)?,-1,56,-15,Error,56,"Multiplication of -8 and -7 gives 56, so 56 is right."
35,What is the output of print(5 * -3)?,Error,-15,-16,2,-15,"Multiplication of 5 and -3 gives -15, so -15 is right."
36,What is the output of print(-1 * 8)?,Error,-7,7,-8,-8,"Multiplication of -1 and 8 gives -8, so -8 is right."
37,What is the output of print(-1 * -1)?,Error,2,1,-2,1,"Multiplication of -1 and -1 gives 1, so 1 is right."
38,What is the output of print(-9 * -2)?,18,-11,19,-7,18,"Multiplication of -9 and -2 gives 18, so 18 is right."
39,What does bool('') return?,0,None,TRUE,FALSE,FALSE,"Empty strings are falsy in Python, so bool of an empty string is False."
40,What is the output of print(-8 * 4)?,-33,-12,-32,-4,-32,"Multiplication of -8 and 4 gives -32, so -32 is right."
41,What is the output of print(0 * 8)?,0,8,-1,1,0,"Multiplication of 0 and 8 gives 0, so 0 is right."
42,What is tuple('ab')?,('ab'),FALSE,"['a','b']","('a', 'b')","('a', 'b')","('a', 'b') is correct because it matches how this feature behaves in Python."
43,What is the output of print(6 * 0)?,Error,6,0,1,0,"Multiplication of 6 and 0 gives 0, so 0 is right."
44,What is the output of print(-4 * 8)?,Error,-12,4,-32,-32,"Multiplication of -4 and 8 gives -32, so -32 is right."
45,What is the output of print(-5 * 5)?,0,-26,-25,-24,-25,"Multiplication of -5 and 5 gives -25, so -25 is right."
46,What is the output of print(-8 * 7)?,-56,Error,-1,-15,-56,"Multiplication of -8 and 7 gives -56, so -56 is right."
47,Which statement ensures cleanup for context managers?,defer,with,context,using,with,"with ensures files are closed even if errors happen, which is why it is used for cleanup."
48,What is the output of print(-9 * -5)?,44,Error,46,45,45,"Multiplication of -9 and -5 gives 45, so 45 is right."
49,What is the output of print(1 * 0)?,-1,0,1,Error,0,"Multiplication of 1 and 0 gives 0, so 0 is right."
50,Which function converts an ASCII code point to character?,ascii,ord,repr,chr,chr,chr turns a code point into the corresponding character; ord does the reverse.
51,What is the output of print(8 * -4)?,-32,-31,12,Error,-32,"Multiplication of 8 and -4 gives -32, so -32 is right."
52,What is 'python'.find('z')?,FALSE,Error,None,-1,-1,-1 is correct because it matches how this feature behaves in Python.
53,Which module provides a LRU cache decorator?,toolz,operator,itertools,functools,functools,functools has handy function utilities like lru_cache for memoization.
54,What is the output of print(-9 * -6)?,-3,53,54,Error,54,"Multiplication of -9 and -6 gives 54, so 54 is right."
55,What is 'python'.find('z')?,None,-1,FALSE,0,-1,-1 is correct because it matches how this feature behaves in Python.
56,What is the output of print(8 * 4)?,4,32,Error,12,32,"Multiplication of 8 and 4 gives 32, so 32 is right."
57,What does bool('') return?,None,TRUE,0,FALSE,FALSE,"Empty strings are falsy in Python, so bool of an empty string is False."
58,Which function returns the absolute value?,FALSE,abs,mag,len,abs,"abs returns the magnitude of a number, dropping any sign."
59,Which built-in converts bytes to str?,str.encode,bytes.decode,format,ord,bytes.decode,bytes.decode is correct because it matches how this feature behaves in Python.
60,What is [i for i in range(3)][-1]?,1,2,3,0,2,2 is correct because it matches how this feature behaves in Python.
61,What is the output of print(6 * -8)?,Error,14,-48,-2,-48,"Multiplication of 6 and -8 gives -48, so -48 is right."
62,What is the output of print(6 * -6)?,-35,-36,-37,12,-36,"Multiplication of 6 and -6 gives -36, so -36 is right."
63,What is the output of print(-9 * 2)?,-18,Error,-17,-7,-18,"Multiplication of -9 and 2 gives -18, so -18 is right."
64,What is the output of print(7 * -5)?,-36,-34,Error,-35,-35,"Multiplication of 7 and -5 gives -35, so -35 is right."
65,What is the output of print(0 * 4)?,4,-4,0,-1,0,"Multiplication of 0 and 4 gives 0, so 0 is right."
66,What is bool([0])?,0,FALSE,TRUE,Error,TRUE,"Non-empty lists are truthy, even if they contain zero; so this is True."
67,What is the output of print(-6 * -8)?,48,47,Error,49,48,"Multiplication of -6 and -8 gives 48, so 48 is right."
68,What is tuple('ab')?,('a';'b'),"('a', 'b')","('a','b','')",('ab'),"('a', 'b')","('a', 'b') is correct because it matches how this feature behaves in Python."
69,What is the correct file extension for Python source files?,.pt,.python,.py,.pyc,.py,.py is correct because it matches how this feature behaves in Python.
70,What is the output of print(1 * 8)?,-7,9,7,8,8,"Multiplication of 1 and 8 gives 8, so 8 is right."
71,What is bool([0])?,FALSE,Error,TRUE,0,TRUE,"Non-empty lists are truthy, even if they contain zero; so this is True."
72,What is the output of print(6 * -5)?,11,-30,-29,Error,-30,"Multiplication of 6 and -5 gives -30, so -30 is right."
73,"What is {'a':1,'b':2} == {'b':2,'a':1}?",0,FALSE,TypeError,TRUE,TRUE,"Dictionaries compare by key and value pairs, not by insertion order, so these are equal."
74,What is the output of print(7 * -4)?,11,-29,-27,-28,-28,"Multiplication of 7 and -4 gives -28, so -28 is right."
75,What is the output of print(-4 * 6)?,-23,-10,-24,2,-24,"Multiplication of -4 and 6 gives -24, so -24 is right."
76,What is the output of print(5 * -4)?,1,-19,-21,-20,-20,"Multiplication of 5 and -4 gives -20, so -20 is right."
77,What is the output of print(1 * -2)?,-2,-3,-1,Error,-2,"Multiplication of 1 and -2 gives -2, so -2 is right."
78,What is the output of print(6 * 2)?,4,Error,13,12,12,"Multiplication of 6 and 2 gives 12, so 12 is right."
79,What is the correct file extension for Python source files?,.pt,.py,.pyc,.pyt,.py,.py is correct because it matches how this feature behaves in Python.
80,What is the output of print(-7 * 4)?,-27,-28,-29,-11,-28,"Multiplication of -7 and 4 gives -28, so -28 is right."
81,Which keyword is used to import a module?,use,import,module,require,import,import is correct because it matches how this feature behaves in Python.
82,"What is list(filter(None,[0,1,2]))?",[2],[],"[1, 2]","[0,1,2]","[1, 2]","[1, 2] is correct because it matches how this feature behaves in Python."
83,What is the output of print(1 * 3)?,3,-2,Error,4,3,"Multiplication of 1 and 3 gives 3, so 3 is right."
84,What is the output of print(4 * 7)?,29,-3,28,Error,28,"Multiplication of 4 and 7 gives 28, so 28 is right."
85,"What is {1,2,3} - {2}?","{1,2,3}","{2,3}","{1, 3}",{2},"{1, 3}",Set difference removes elements from the left set that appear on the right.
86,What is the output of print(-7 * -8)?,1,56,55,57,56,"Multiplication of -7 and -8 gives 56, so 56 is right."
87,What is the output of print(type([]).__name__)?,set,list,object,dict,list,"Lists use square brackets and are mutable ordered collections, so their type is list."
88,Which keyword is used to import a module?,include,require,import,module,import,import is correct because it matches how this feature behaves in Python.
89,What is the output of print(-3 * -7)?,Error,4,22,21,21,"Multiplication of -3 and -7 gives 21, so 21 is right."
90,What is the output of print(9 * 4)?,37,36,35,13,36,"Multiplication of 9 and 4 gives 36, so 36 is right."
91,Which module implements heaps?,queue,heapq,bisect,array,heapq,"heapq implements a min-heap, letting you efficiently get the smallest item."
92,What does len('hello') return?,1,0,6,5,5,"len counts elements in the sequence, so the result matches the number of items shown."
93,What is the output of print(6 * -9)?,-53,-55,-54,Error,-54,"Multiplication of 6 and -9 gives -54, so -54 is right."
94,What is type({}.keys()).__name__?,dict_items,dict_keys,list,view,dict_keys,"Dictionary view objects like dict_keys are special views, not plain lists."
95,What is the output of print(8 * 7)?,1,Error,56,57,56,"Multiplication of 8 and 7 gives 56, so 56 is right."
96,Which built-in checks if all elements are truthy?,len,bool,any,all,all,all is correct because it matches how this feature behaves in Python.
97,What is the output of print(-2 * -5)?,3,-7,9,10,10,"Multiplication of -2 and -5 gives 10, so 10 is right."
98,What is the output of print(4 * 8)?,32,12,33,-4,32,"Multiplication of 4 and 8 gives 32, so 32 is right."
99,What is the output of print('A' < 'a') in ASCII?,TRUE,FALSE,None,Error,TRUE,"This follows Python’s rules for that operation, so this truth value is the expected outcome."
100,What is the output of print(-5 * -3)?,16,-8,-2,15,15,"Multiplication of -5 and -3 gives 15, so 15 is right."
101,"What does round(2.675,2) equal in CPython?",2.7,2.68,2.67,FALSE,2.67,"Binary floating point rounds 2.675 to 2.67 in CPython due to representation, so 2.67 is expected."
102,What is the output of print(5 * -4)?,-19,-20,Error,1,-20,"Multiplication of 5 and -4 gives -20, so -20 is right."
103,What is the output of print(8 * 7)?,57,56,15,Error,56,"Multiplication of 8 and 7 gives 56, so 56 is right."
104,What is the output of print(-2 * -9)?,17,18,19,-11,18,"Multiplication of -2 and -9 gives 18, so 18 is right."
105,What is the result of 2**3?,6,23,16,8,8,The exponent operator ** raises 2 to the power 3 which is 8.
106,What is the output of print(-3 * 2)?,-1,-6,Error,-5,-6,"Multiplication of -3 and 2 gives -6, so -6 is right."
107,What is the output of print(-8 * -9)?,Error,72,73,-17,72,"Multiplication of -8 and -9 gives 72, so 72 is right."
108,Which built-in returns a sequence length?,count,length,len,(),len,len is correct because it matches how this feature behaves in Python.
109,What is the output of print(-7 * 8)?,1,-57,-15,-56,-56,"Multiplication of -7 and 8 gives -56, so -56 is right."
110,Which method removes and returns the last list element?,pop,discard,delete,chop,pop,pop is correct because it matches how this feature behaves in Python.
111,What is the output of print(7 * -3)?,-20,10,-22,-21,-21,"Multiplication of 7 and -3 gives -21, so -21 is right."
112,What is the output of print(7 * -7)?,-50,-48,-49,Error,-49,"Multiplication of 7 and -7 gives -49, so -49 is right."
113,What is the output of print(2 * -5)?,-9,-11,Error,-10,-10,"Multiplication of 2 and -5 gives -10, so -10 is right."
114,What is the output of print(-9 * -4)?,37,Error,36,-13,36,"Multiplication of -9 and -4 gives 36, so 36 is right."
115,What is the output of print(7 * 6)?,41,1,42,Error,42,"Multiplication of 7 and 6 gives 42, so 42 is right."
116,"What is 'a,b,c'.split(',')?","['a', 'b', 'c']","['a','b,c']",['a';'b';'c'],"('a','b','c')","['a', 'b', 'c']","split with a comma cuts the string at commas, returning the pieces in a list."
117,What is the output of print(7 * 3)?,10,21,Error,20,21,"Multiplication of 7 and 3 gives 21, so 21 is right."
118,What is the output of print(7 * 7)?,49,0,48,Error,49,"Multiplication of 7 and 7 gives 49, so 49 is right."
119,What is the output of print(8 * -9)?,-73,-72,Error,-1,-72,"Multiplication of 8 and -9 gives -72, so -72 is right."
120,Which built-in checks if all elements are truthy?,all,bool,len,any,all,all is correct because it matches how this feature behaves in Python.
121,Which keyword is used to define a coroutine function?,async def,def coroutine,await def,co def,async def,async def defines a coroutine function that can be awaited.
122,What is the output of print(-1 * -2)?,-3,Error,1,2,2,"Multiplication of -1 and -2 gives 2, so 2 is right."
123,Which keyword is used to import a module?,require,use,module,import,import,import is correct because it matches how this feature behaves in Python.
124,What is the output of print(1 * -5)?,-6,-5,-4,6,-5,"Multiplication of 1 and -5 gives -5, so -5 is right."
125,What is the output of print(7 * -5)?,2,Error,-35,12,-35,"Multiplication of 7 and -5 gives -35, so -35 is right."
126,What is the output of print(-3 * -2)?,5,Error,6,7,6,"Multiplication of -3 and -2 gives 6, so 6 is right."
127,What is the output of print(6 * -7)?,-41,-1,13,-42,-42,"Multiplication of 6 and -7 gives -42, so -42 is right."
128,"What is 'abc'.replace('b','x')?",abc,axc,xbc,abx,axc,"String methods return new strings without changing the original, and this method does exactly what its name says."
129,Which function returns the absolute value?,mag,abs,norm,fabs,abs,"abs returns the magnitude of a number, dropping any sign."
130,What is the output of print(2 * 1)?,3,2,Error,1,2,"Multiplication of 2 and 1 gives 2, so 2 is right."
131,"What is sorted([3,1,2])?","[3,2,1]","{1,2,3}","[1, 2, 3]","(1,2,3)","[1, 2, 3]","sorted creates and returns a new sorted list, leaving the original alone."
132,What is the output of print(9 * 1)?,8,9,Error,10,9,"Multiplication of 9 and 1 gives 9, so 9 is right."
133,What is the output of print(3 * 1)?,4,2,3,Error,3,"Multiplication of 3 and 1 gives 3, so 3 is right."
134,What is the output of print(-4 * -4)?,16,17,Error,15,16,"Multiplication of -4 and -4 gives 16, so 16 is right."
135,Which keyword is used to create an anonymous function?,inline,func,lambda,def,lambda,lambda is correct because it matches how this feature behaves in Python.
136,What is the output of print(8 * 9)?,-1,71,72,73,72,"Multiplication of 8 and 9 gives 72, so 72 is right."
137,What is the output of print(5 * 1)?,4,Error,5,6,5,"Multiplication of 5 and 1 gives 5, so 5 is right."
138,What is the output of print(0 * -7)?,0,-7,-1,Error,0,"Multiplication of 0 and -7 gives 0, so 0 is right."
139,What is the output of print(-7 * 6)?,-42,-43,-13,-1,-42,"Multiplication of -7 and 6 gives -42, so -42 is right."
140,What is the output of print(1 * -3)?,Error,4,-3,-4,-3,"Multiplication of 1 and -3 gives -3, so -3 is right."
141,Which built-in converts a string to an integer?,ord,int,float,str,int,int is correct because it matches how this feature behaves in Python.
142,What is the output of print(9 * -3)?,Error,12,6,-27,-27,"Multiplication of 9 and -3 gives -27, so -27 is right."
143,Which keyword is used to import a module?,require,use,None,import,import,import is correct because it matches how this feature behaves in Python.
144,What is the output of print(-1 * 1)?,Error,0,-1,-2,-1,"Multiplication of -1 and 1 gives -1, so -1 is right."
145,What is the output of print(-2 * -5)?,10,-7,3,9,10,"Multiplication of -2 and -5 gives 10, so 10 is right."
146,What is the output of print(-8 * -4)?,Error,31,32,-4,32,"Multiplication of -8 and -4 gives 32, so 32 is right."
147,What is the output of print(8 * 2)?,Error,15,6,16,16,"Multiplication of 8 and 2 gives 16, so 16 is right."
148,Which built-in checks if all elements are truthy?,sum,len,all,any,all,all is correct because it matches how this feature behaves in Python.
149,What is the output of print(7 * -6)?,-43,-42,1,13,-42,"Multiplication of 7 and -6 gives -42, so -42 is right."
150,Which decorator creates read-only attributes in dataclasses?,@readonly,@dataclass(frozen=True),@final,@frozen,@dataclass(frozen=True),@dataclass(frozen=True) is correct because it matches how this feature behaves in Python.
151,What is the output of print(8 * 9)?,73,Error,71,72,72,"Multiplication of 8 and 9 gives 72, so 72 is right."
152,What is 'python'[1:4]?,tho,pyt,yon,yth,yth,Slicing from index 1 up to 4 takes the middle chunk yth.
153,Which module offers precise decimal arithmetic?,math,fractions,numbers,decimal,decimal,"decimal handles base-10 decimals precisely, avoiding common binary float surprises."
154,"What is list(map(lambda x:x+1,[1,2]))?","[1,2]","(2,3)","[3,4]","[2, 3]","[2, 3]","[2, 3] is correct because it matches how this feature behaves in Python."
155,What is sum(range(4))?,6,3,10,7,6,6 is correct because it matches how this feature behaves in Python.
156,What is the output of print(8 * 8)?,64,63,16,Error,64,"Multiplication of 8 and 8 gives 64, so 64 is right."
157,What is the output of print(7 * -2)?,-13,5,-14,-15,-14,"Multiplication of 7 and -2 gives -14, so -14 is right."
158,What is {'a':1}.keys().__class__.__name__?,set,dict_keys,list,view,dict_keys,dict_keys is correct because it matches how this feature behaves in Python.
159,What is bool([0])?,TRUE,None,FALSE,Error,TRUE,"Non-empty lists are truthy, even if they contain zero; so this is True."
160,What is 5//2?,2,3,2.5,2,2,"The // operator is floor division, which drops the fractional part toward negative infinity."
161,Which operator tests object identity?,==,is,in,id,is,"is checks whether two names reference the same object, not just equal values."
162,What is the output of print(-4 * -6)?,24,Error,25,2,24,"Multiplication of -4 and -6 gives 24, so 24 is right."
163,What is the output of print(-7 * -6)?,42,Error,-13,-1,42,"Multiplication of -7 and -6 gives 42, so 42 is right."
164,Which decorator creates read-only attributes in dataclasses?,@sealed,@dataclass(frozen=True),@final,@readonly,@dataclass(frozen=True),@dataclass(frozen=True) is correct because it matches how this feature behaves in Python.
165,What is tuple('ab')?,('ab'),('a';'b'),"('a', 'b')","['a','b']","('a', 'b')","('a', 'b') is correct because it matches how this feature behaves in Python."
166,What is the output of print(1 * 6)?,-5,6,7,5,6,"Multiplication of 1 and 6 gives 6, so 6 is right."
167,What is the output of print(1 * -1)?,2,-1,0,Error,-1,"Multiplication of 1 and -1 gives -1, so -1 is right."
168,What is the output of print(5 * -4)?,-20,Error,9,1,-20,"Multiplication of 5 and -4 gives -20, so -20 is right."
169,What is the output of print(4 * 7)?,11,28,27,Error,28,"Multiplication of 4 and 7 gives 28, so 28 is right."
170,What is the output of print(8 * -5)?,3,-40,-41,-39,-40,"Multiplication of 8 and -5 gives -40, so -40 is right."
171,What is the output of print(2 * -2)?,0,-4,4,Error,-4,"Multiplication of 2 and -2 gives -4, so -4 is right."
172,What is 'mississippi'.count('ss')?,TRUE,0,3,2,2,2 is correct because it matches how this feature behaves in Python.
173,What is the output of print(0 * 3)?,-3,3,0,1,0,"Multiplication of 0 and 3 gives 0, so 0 is right."
174,Which module is recommended for cryptographic randomness?,hashlib,random,secrets,uuid,secrets,secrets provides strong random values designed for security sensitive tasks.
175,What is the output of print(-2 * 3)?,-7,Error,-6,-5,-6,"Multiplication of -2 and 3 gives -6, so -6 is right."
176,What is the output of print(-3 * -8)?,-11,5,24,23,24,"Multiplication of -3 and -8 gives 24, so 24 is right."
177,What is the output of print(-8 * 4)?,-32,-4,-12,-31,-32,"Multiplication of -8 and 4 gives -32, so -32 is right."
178,"What is isinstance(True,int)?",None,TRUE,FALSE,TypeError,TRUE,"This follows Python’s rules for that operation, so this truth value is the expected outcome."
179,What does PEP stand for?,Python Enhancement Proposal,Proposal for Enhanced Python,Python Engineering Plan,Programming Enhancement Proposal,Python Enhancement Proposal,"PEP means Python Enhancement Proposal, which documents ideas and changes to the language."
180,What is the output of print(9 * 5)?,Error,44,14,45,45,"Multiplication of 9 and 5 gives 45, so 45 is right."
181,What is type(range(3)).__name__?,iterator,list,range,TRUE,range,range objects have their own type in Python and generate sequences lazily.
182,What is the output of print(2 * -6)?,8,-11,Error,-12,-12,"Multiplication of 2 and -6 gives -12, so -12 is right."
183,What does [0]*3 produce?,"[0, 0, 0]","(0,0,0)","[0,3]","[0,0,0,0]","[0, 0, 0]","Multiplying a list by 3 repeats its elements three times, giving three zeros."
184,What is 'python'[::-1]?,py,pnohty,nohtyp,python,nohtyp,"Slicing with step -1 reverses the sequence, so you get the string backwards."
185,Which exception is raised for an out-of-range list index?,ValueError,LookupError,TypeError,IndexError,IndexError,Accessing a list with an invalid index raises IndexError.
186,What is the output of print(-4 * 0)?,-4,-1,Error,0,0,"Multiplication of -4 and 0 gives 0, so 0 is right."
187,"What is {1,2,3} - {2}?",{2},"{1,2}","{1, 3}","{2,3}","{1, 3}",Set difference removes elements from the left set that appear on the right.
188,Which keyword is used to define a coroutine function?,async def,def coroutine,def async,await def,async def,async def defines a coroutine function that can be awaited.
189,What is the output of print(-8 * 5)?,-3,-13,-39,-40,-40,"Multiplication of -8 and 5 gives -40, so -40 is right."
190,Which method adds a single element to a list?,append,push,extend,add,append,append is correct because it matches how this feature behaves in Python.
191,What is the output of print(2 * -7)?,-13,-14,Error,9,-14,"Multiplication of 2 and -7 gives -14, so -14 is right."
192,What is the output of print(3 * -6)?,-18,-19,-3,Error,-18,"Multiplication of 3 and -6 gives -18, so -18 is right."
193,What is the output of print(-2 * 4)?,-6,-8,Error,2,-8,"Multiplication of -2 and 4 gives -8, so -8 is right."
194,What is the output of print(0 * -1)?,-1,Error,0,1,0,"Multiplication of 0 and -1 gives 0, so 0 is right."
195,What is the output of print(-7 * 5)?,Error,-2,-35,-34,-35,"Multiplication of -7 and 5 gives -35, so -35 is right."
196,What is the output of print(-5 * -6)?,Error,1,30,31,30,"Multiplication of -5 and -6 gives 30, so 30 is right."
197,What is the output of print(7 * -5)?,-35,Error,2,12,-35,"Multiplication of 7 and -5 gives -35, so -35 is right."
198,What is the output of print(-1 * 2)?,1,-1,-3,-2,-2,"Multiplication of -1 and 2 gives -2, so -2 is right."
199,What is the output of print(-1 * 6)?,5,-6,-7,-5,-6,"Multiplication of -1 and 6 gives -6, so -6 is right."
200,What is the output of print(1 * -9)?,Error,-9,-8,-10,-9,"Multiplication of 1 and -9 gives -9, so -9 is right."
201,Which keyword annotates variables with types?,as,:,type,{},:,: is correct because it matches how this feature behaves in Python.
202,What is sum(i*i for i in range(4))?,13,16,12,14,14,14 is correct because it matches how this feature behaves in Python.
203,What is the output of print(-8 * 2)?,-6,-16,-15,-17,-16,"Multiplication of -8 and 2 gives -16, so -16 is right."
204,What is the output of print(-8 * 7)?,Error,-1,-56,-55,-56,"Multiplication of -8 and 7 gives -56, so -56 is right."
205,Which module helps parse command-line arguments?,argparse,shlex,getopt,click,argparse,argparse parses command-line arguments and automatically builds help messages.
206,What is the output of print(-2 * 3)?,-5,1,-6,Error,-6,"Multiplication of -2 and 3 gives -6, so -6 is right."
207,What is the output of print(6 * -1)?,-6,7,Error,-7,-6,"Multiplication of 6 and -1 gives -6, so -6 is right."
208,What is the output of print(8 * 2)?,16,15,17,6,16,"Multiplication of 8 and 2 gives 16, so 16 is right."
209,What is the output of print(-6 * -4)?,-10,Error,24,-2,24,"Multiplication of -6 and -4 gives 24, so 24 is right."
210,What is the output of print(6 * -7)?,-41,-42,-1,13,-42,"Multiplication of 6 and -7 gives -42, so -42 is right."
211,What is the output of print(8 * 6)?,49,14,48,47,48,"Multiplication of 8 and 6 gives 48, so 48 is right."
212,What is the output of print(-5 * -5)?,25,26,-10,0,25,"Multiplication of -5 and -5 gives 25, so 25 is right."
213,"What is list(zip([1,2,3],[4,5])) length?",0,5,2,3,2,"zip stops at the shortest input, so the length matches the smaller list."
214,What does bool('') return?,FALSE,(),TRUE,None,FALSE,"Empty strings are falsy in Python, so bool of an empty string is False."
215,What is the output of print(-4 * 7)?,-29,3,-28,-27,-28,"Multiplication of -4 and 7 gives -28, so -28 is right."
216,What is the output of print(2 * 3)?,Error,6,7,5,6,"Multiplication of 2 and 3 gives 6, so 6 is right."
217,Which operator performs floor division?,^^,/,//,**,//,// is correct because it matches how this feature behaves in Python.
218,Which keyword declares a class method?,@overload,@classmethod,@abstractmethod,@staticmethod,@classmethod,@classmethod is correct because it matches how this feature behaves in Python.
219,What is the output of print(1 * -9)?,-8,Error,-10,-9,-9,"Multiplication of 1 and -9 gives -9, so -9 is right."
220,What is the output of print(5 * 4)?,21,Error,20,19,20,"Multiplication of 5 and 4 gives 20, so 20 is right."
221,What is the output of print(-1 * -7)?,Error,-8,7,6,7,"Multiplication of -1 and -7 gives 7, so 7 is right."
222,What is the output of print(-1 * -5)?,-6,Error,5,6,5,"Multiplication of -1 and -5 gives 5, so 5 is right."
223,What is the output of print(-7 * 2)?,-14,-13,-15,-9,-14,"Multiplication of -7 and 2 gives -14, so -14 is right."
224,What is the output of print(-5 * -7)?,34,35,2,-12,35,"Multiplication of -5 and -7 gives 35, so 35 is right."
225,"What is {1,2} | {2,3}?","{1,2}","{2,3}","{1, 2, 3}",{2},"{1, 2, 3}",Set union combines unique elements from both sets.
226,Which collection does not allow duplicate elements?,set,deque,tuple,dict,set,"Sets keep unique elements only, so duplicates collapse to one."
227,What is the output of print(-6 * 8)?,-14,-48,-47,2,-48,"Multiplication of -6 and 8 gives -48, so -48 is right."
228,Which exception is raised for an out-of-range list index?,IndexError,TypeError,LookupError,KeyError,IndexError,Accessing a list with an invalid index raises IndexError.
229,What is the output of print(1 * -7)?,8,-7,-8,-6,-7,"Multiplication of 1 and -7 gives -7, so -7 is right."
230,What is the output of print(7 * 0)?,1,Error,7,0,0,"Multiplication of 7 and 0 gives 0, so 0 is right."
231,"What is {1,2,3} - {2}?","{1,2,3}","{1,2}",{2},"{1, 3}","{1, 3}",Set difference removes elements from the left set that appear on the right.
232,Which statement ensures cleanup for context managers?,0,with,using,context,with,"with ensures files are closed even if errors happen, which is why it is used for cleanup."
233,What is the output of print(-8 * -5)?,39,40,-13,Error,40,"Multiplication of -8 and -5 gives 40, so 40 is right."
234,What is the output of print(5 * -7)?,-2,-34,-35,12,-35,"Multiplication of 5 and -7 gives -35, so -35 is right."
235,"What is 'abc'.replace('b','x')?",axc,abc,xbc,ac,axc,"String methods return new strings without changing the original, and this method does exactly what its name says."
236,"What is sorted([3,1,2])?","[1, 2, 3]","[3,2,1]",Error,"[1,3,2]","[1, 2, 3]","sorted creates and returns a new sorted list, leaving the original alone."
237,What is the output of print(-6 * 5)?,-11,-30,-1,-31,-30,"Multiplication of -6 and 5 gives -30, so -30 is right."
238,What is ''.strip()?,'' '',' ',,None,,nan is correct because it matches how this feature behaves in Python.
239,What is the output of print(5 * 3)?,2,15,14,16,15,"Multiplication of 5 and 3 gives 15, so 15 is right."
240,What is the output of print(-2 * -3)?,-5,1,7,6,6,"Multiplication of -2 and -3 gives 6, so 6 is right."
241,What is the output of print(8 * 2)?,17,Error,6,16,16,"Multiplication of 8 and 2 gives 16, so 16 is right."
242,What is the output of print(-4 * 9)?,-13,-36,-35,-37,-36,"Multiplication of -4 and 9 gives -36, so -36 is right."
243,What is the output of print(-9 * 5)?,-44,-14,-4,-45,-45,"Multiplication of -9 and 5 gives -45, so -45 is right."
244,What is the output of print(-1 * 7)?,Error,-7,-8,6,-7,"Multiplication of -1 and 7 gives -7, so -7 is right."
245,What is the output of print(3 * 5)?,Error,16,15,8,15,"Multiplication of 3 and 5 gives 15, so 15 is right."
246,What is the output of print(-5 * -7)?,36,34,35,2,35,"Multiplication of -5 and -7 gives 35, so 35 is right."
247,What is the output of print(8 * -5)?,3,-39,-41,-40,-40,"Multiplication of 8 and -5 gives -40, so -40 is right."
248,"What is [1,2,3].append(4) return value?",None,"[1,2,3]",{},"[1,2,3,4]",None,"append changes the list in place and returns None, which is why the value is None."
249,What is the output of print(-2 * 4)?,Error,2,-7,-8,-8,"Multiplication of -2 and 4 gives -8, so -8 is right."
250,What is the output of print(0 * 9)?,9,0,1,-9,0,"Multiplication of 0 and 9 gives 0, so 0 is right."
251,What is the output of print(3 * 8)?,24,-5,Error,25,24,"Multiplication of 3 and 8 gives 24, so 24 is right."
252,What is the output of print(3 * -7)?,-21,Error,-4,10,-21,"Multiplication of 3 and -7 gives -21, so -21 is right."
253,"What does round(2.675,2) equal in CPython?",2.7,2.68,2.67,2.6,2.67,"Binary floating point rounds 2.675 to 2.67 in CPython due to representation, so 2.67 is expected."
254,Which operator tests object identity?,id,==,equals,is,is,"is checks whether two names reference the same object, not just equal values."
255,What is the output of print(-1 * -6)?,5,Error,7,6,6,"Multiplication of -1 and -6 gives 6, so 6 is right."
256,What is the output of print(-8 * 5)?,-41,-40,-13,-39,-40,"Multiplication of -8 and 5 gives -40, so -40 is right."
257,What is the output of print(5 * -8)?,-39,Error,13,-40,-40,"Multiplication of 5 and -8 gives -40, so -40 is right."
258,What is the output of print(7 * 1)?,7,8,6,Error,7,"Multiplication of 7 and 1 gives 7, so 7 is right."
259,What is the output of print(-3 * 5)?,-16,Error,-15,2,-15,"Multiplication of -3 and 5 gives -15, so -15 is right."
260,What does {x for x in 'aab'} produce length of?,1,0,4,2,2,"A set comprehension keeps unique letters only, so only a and b remain, making the length 2."
261,What is the output of print(-8 * -5)?,-3,40,41,-13,40,"Multiplication of -8 and -5 gives 40, so 40 is right."
262,Which method joins a list of strings with a separator?,concat,join,combine,append,join,join is correct because it matches how this feature behaves in Python.
263,What is the output of print(-5 * -1)?,6,5,-6,Error,5,"Multiplication of -5 and -1 gives 5, so 5 is right."
264,What is the output of print(5 * -2)?,-9,Error,7,-10,-10,"Multiplication of 5 and -2 gives -10, so -10 is right."
265,"What does {'a':1}.get('b',99) return?",99,KeyError,0,1,99,"get returns the default you pass when the key is missing, so you see 99."
266,What is the output of print(-7 * -6)?,42,Error,-13,41,42,"Multiplication of -7 and -6 gives 42, so 42 is right."
267,What is the output of print(3 * 2)?,Error,7,6,5,6,"Multiplication of 3 and 2 gives 6, so 6 is right."
268,What is the output of print(4 * 6)?,24,10,Error,-2,24,"Multiplication of 4 and 6 gives 24, so 24 is right."
269,Which module is recommended for cryptographic randomness?,hashlib,uuid,secrets,[],secrets,secrets provides strong random values designed for security sensitive tasks.
270,What is the output of print(4 * -8)?,-32,-33,-31,-4,-32,"Multiplication of 4 and -8 gives -32, so -32 is right."
271,What is the output of print(5 * 0)?,0,5,Error,-1,0,"Multiplication of 5 and 0 gives 0, so 0 is right."
272,What is the output of print(3 * -5)?,-16,-2,-15,8,-15,"Multiplication of 3 and -5 gives -15, so -15 is right."
273,What is the output of print(6 * 9)?,15,-3,Error,54,54,"Multiplication of 6 and 9 gives 54, so 54 is right."
274,What is the output of print(-5 * -9)?,45,Error,46,44,45,"Multiplication of -5 and -9 gives 45, so 45 is right."
275,Which module offers precise decimal arithmetic?,statistics,fractions,decimal,math,decimal,"decimal handles base-10 decimals precisely, avoiding common binary float surprises."
276,Which built-in converts a string to an integer?,ord,int,float,str,int,int is correct because it matches how this feature behaves in Python.
277,What is the output of print(-5 * -4)?,-1,20,19,21,20,"Multiplication of -5 and -4 gives 20, so 20 is right."
278,"What is list(zip([1,2,3],[4,5])) length?",1,3,5,2,2,"zip stops at the shortest input, so the length matches the smaller list."
279,What is the output of print(0 * -6)?,-6,0,Error,-1,0,"Multiplication of 0 and -6 gives 0, so 0 is right."
280,What is the output of print(7 * 1)?,8,6,7,Error,7,"Multiplication of 7 and 1 gives 7, so 7 is right."
281,"What is ''.join(['a','b'])?","a,b",ab,"['a','b']",a b,ab,join glues the strings together using the given separator; an empty separator just concatenates them.
282,What is the output of print(8 * 2)?,16,10,17,Error,16,"Multiplication of 8 and 2 gives 16, so 16 is right."
283,What is the output of print(5 * -8)?,-3,-40,13,-41,-40,"Multiplication of 5 and -8 gives -40, so -40 is right."
284,What is 'Python'.lower()?,pYTHON,PYTHON,python,py-thon,python,"String methods return new strings without changing the original, and this method does exactly what its name says."
285,"What is {'a':1,'b':2} == {'b':2,'a':1}?",0,None,TypeError,TRUE,TRUE,"Dictionaries compare by key and value pairs, not by insertion order, so these are equal."
286,Which module offers precise decimal arithmetic?,decimal,fractions,statistics,numbers,decimal,"decimal handles base-10 decimals precisely, avoiding common binary float surprises."
287,Which keyword declares a class method?,@property,@classmethod,@staticmethod,@abstractmethod,@classmethod,@classmethod is correct because it matches how this feature behaves in Python.
288,What does PEP stand for?,Python Enhancement Proposal,Python Extended Plan,Proposal for Enhanced Python,FALSE,Python Enhancement Proposal,"PEP means Python Enhancement Proposal, which documents ideas and changes to the language."
289,What is the output of print(2 * -4)?,-7,-2,-8,-9,-8,"Multiplication of 2 and -4 gives -8, so -8 is right."
290,What is the output of print(1 * 0)?,1,Error,-1,0,0,"Multiplication of 1 and 0 gives 0, so 0 is right."
291,Which keyword annotates variables with types?,:,::,->,type,:,: is correct because it matches how this feature behaves in Python.
292,Which built-in converts a string to an integer?,int,float,0,bool,int,int is correct because it matches how this feature behaves in Python.
293,"What is (2,)*3?","(2, 2, 2)","(2,3)","(2,2,2,)","[2,2,2]","(2, 2, 2)","(2, 2, 2) is correct because it matches how this feature behaves in Python."
294,What is the output of print(2 * -3)?,-6,5,Error,-5,-6,"Multiplication of 2 and -3 gives -6, so -6 is right."
295,What is the output of print(9 * -1)?,Error,-9,8,-10,-9,"Multiplication of 9 and -1 gives -9, so -9 is right."
296,What is the output of print(-3 * 5)?,Error,-15,-8,-14,-15,"Multiplication of -3 and 5 gives -15, so -15 is right."
297,Which statement is used to handle exceptions?,try ... except,guard ... catch,trap ... recover,handle ... except,try ... except,try ... except is correct because it matches how this feature behaves in Python.
298,Which module provides a LRU cache decorator?,functools,itertools,0,operator,functools,functools has handy function utilities like lru_cache for memoization.
299,What is the output of print(8 * -3)?,-24,-25,-23,5,-24,"Multiplication of 8 and -3 gives -24, so -24 is right."
300,What is the output of print(-9 * 4)?,Error,-35,-37,-36,-36,"Multiplication of -9 and 4 gives -36, so -36 is right."
301,What is the output of print(5 * -1)?,Error,4,-6,-5,-5,"Multiplication of 5 and -1 gives -5, so -5 is right."
302,What is the output of print(2 * 1)?,3,2,1,Error,2,"Multiplication of 2 and 1 gives 2, so 2 is right."
303,What is the output of print('A' < 'a') in ASCII?,TRUE,FALSE,Error,None,TRUE,"This follows Python’s rules for that operation, so this truth value is the expected outcome."
304,What is the output of print(5 * -4)?,Error,-19,-20,-21,-20,"Multiplication of 5 and -4 gives -20, so -20 is right."
305,What is the output of print(-7 * -7)?,49,0,48,-14,49,"Multiplication of -7 and -7 gives 49, so 49 is right."
306,What is the output of print(-7 * -2)?,14,Error,13,15,14,"Multiplication of -7 and -2 gives 14, so 14 is right."
307,What is the output of print(8 * -7)?,-56,-57,1,-55,-56,"Multiplication of 8 and -7 gives -56, so -56 is right."
308,What is the output of print(7 * -9)?,-63,-2,16,-64,-63,"Multiplication of 7 and -9 gives -63, so -63 is right."
309,What is the output of print(7 * 5)?,36,34,35,Error,35,"Multiplication of 7 and 5 gives 35, so 35 is right."
310,What is the output of print(0 * 6)?,-1,6,0,-6,0,"Multiplication of 0 and 6 gives 0, so 0 is right."
311,What is the output of print(2 * -2)?,-4,Error,0,4,-4,"Multiplication of 2 and -2 gives -4, so -4 is right."
312,What is the output of print(6 * 9)?,Error,15,-3,54,54,"Multiplication of 6 and 9 gives 54, so 54 is right."
313,What is the output of print(-6 * 7)?,-43,-41,Error,-42,-42,"Multiplication of -6 and 7 gives -42, so -42 is right."
314,What is the output of print(1 * -5)?,-6,Error,-5,-4,-5,"Multiplication of 1 and -5 gives -5, so -5 is right."
315,What is the output of print(8 * -7)?,1,-56,15,-55,-56,"Multiplication of 8 and -7 gives -56, so -56 is right."
316,Which keyword is used to create an anonymous function?,func,def,anon,lambda,lambda,lambda is correct because it matches how this feature behaves in Python.
317,Which built-in returns a sequence length?,len,count,cardinality,size,len,len is correct because it matches how this feature behaves in Python.
318,What is the output of print(-3 * -9)?,-12,28,6,27,27,"Multiplication of -3 and -9 gives 27, so 27 is right."
319,What is the output of print(type([]).__name__)?,tuple,object,list,dict,list,"Lists use square brackets and are mutable ordered collections, so their type is list."
320,What is the output of print(-5 * -4)?,-9,-1,21,20,20,"Multiplication of -5 and -4 gives 20, so 20 is right."
321,"What is [1,2,3] + [4]?","[4,1,2,3]","[1,2,3,4,]","[1,2,3]","[1, 2, 3, 4]","[1, 2, 3, 4]","[1, 2, 3, 4] is correct because it matches how this feature behaves in Python."
322,What is the output of print(-5 * 8)?,-40,-13,Error,-39,-40,"Multiplication of -5 and 8 gives -40, so -40 is right."
323,Which data structure is best for FIFO operations in collections?,tuple,array.array,list,collections.deque,collections.deque,"collections.deque is built for fast appends and pops from both ends, perfect for FIFO queues."
324,Which function converts an ASCII code point to character?,chr,hex,'',ord,chr,chr turns a code point into the corresponding character; ord does the reverse.
325,Which statement is used to handle exceptions?,try ... except,[],trap ... recover,guard ... catch,try ... except,try ... except is correct because it matches how this feature behaves in Python.
326,What is the output of print(-6 * -7)?,Error,41,43,42,42,"Multiplication of -6 and -7 gives 42, so 42 is right."
327,What is the output of print(-8 * -5)?,39,40,41,-3,40,"Multiplication of -8 and -5 gives 40, so 40 is right."
328,Which keyword declares a class method?,@abstractmethod,@classmethod,@overload,@property,@classmethod,@classmethod is correct because it matches how this feature behaves in Python.
329,What is the output of print(4 * -5)?,9,Error,-19,-20,-20,"Multiplication of 4 and -5 gives -20, so -20 is right."
330,What is 5//2?,2.5,2,Error,2,2,"The // operator is floor division, which drops the fractional part toward negative infinity."
331,What is the output of print(-5 * 5)?,-25,-10,-24,Error,-25,"Multiplication of -5 and 5 gives -25, so -25 is right."
332,What is the output of print(-2 * -8)?,-10,15,16,6,16,"Multiplication of -2 and -8 gives 16, so 16 is right."
333,Which built-in type is immutable?,set,bytearray,list,tuple,tuple,"Tuples are immutable, so once created their contents cannot be changed."
334,What is the output of print(1 * 9)?,9,10,Error,8,9,"Multiplication of 1 and 9 gives 9, so 9 is right."
335,What is the output of print(-1 * 1)?,-2,-1,Error,0,-1,"Multiplication of -1 and 1 gives -1, so -1 is right."
336,What is the output of print(7 * 2)?,15,Error,14,9,14,"Multiplication of 7 and 2 gives 14, so 14 is right."
337,What is the output of print(1 * 3)?,2,4,-2,3,3,"Multiplication of 1 and 3 gives 3, so 3 is right."
338,Which statement re-raises the current exception?,throw,raise,except,None,raise,raise is correct because it matches how this feature behaves in Python.
339,What is 'python'[1:4]?,tho,pyt,yth,ytho,yth,Slicing from index 1 up to 4 takes the middle chunk yth.
340,What is the output of print(-9 * -6)?,55,Error,53,54,54,"Multiplication of -9 and -6 gives 54, so 54 is right."
341,"What is list(filter(None,[0,1,2]))?","[1, 2]",[],[2],"[0,1,2]","[1, 2]","[1, 2] is correct because it matches how this feature behaves in Python."
342,What is the output of print(5 * 3)?,Error,15,16,2,15,"Multiplication of 5 and 3 gives 15, so 15 is right."
343,What is the output of print(-6 * 9)?,-54,Error,3,-53,-54,"Multiplication of -6 and 9 gives -54, so -54 is right."
344,What is 'mississippi'.count('ss')?,1,4,2,3,2,2 is correct because it matches how this feature behaves in Python.
345,What is the output of print(-4 * 5)?,-9,-20,1,Error,-20,"Multiplication of -4 and 5 gives -20, so -20 is right."
346,What is the output of print(-5 * -6)?,30,31,1,-11,30,"Multiplication of -5 and -6 gives 30, so 30 is right."
347,What is the output of print(-3 * -8)?,Error,23,25,24,24,"Multiplication of -3 and -8 gives 24, so 24 is right."
348,What is the output of print(-3 * -5)?,14,15,-8,2,15,"Multiplication of -3 and -5 gives 15, so 15 is right."
349,What is the output of print(-9 * -9)?,81,Error,82,-18,81,"Multiplication of -9 and -9 gives 81, so 81 is right."
350,What is the output of print(6 * -4)?,-24,10,-25,Error,-24,"Multiplication of 6 and -4 gives -24, so -24 is right."
351,What is the output of print(-2 * 9)?,7,-11,-19,-18,-18,"Multiplication of -2 and 9 gives -18, so -18 is right."
352,What is the output of print(-4 * 2)?,-7,-9,-2,-8,-8,"Multiplication of -4 and 2 gives -8, so -8 is right."
353,"What is isinstance(True,int)?",TRUE,FALSE,None,0,TRUE,"This follows Python’s rules for that operation, so this truth value is the expected outcome."
354,Which module provides regular expressions?,re,match,regex,pattern,re,re is correct because it matches how this feature behaves in Python.
355,What is the output of print(-2 * 8)?,-16,-10,-15,Error,-16,"Multiplication of -2 and 8 gives -16, so -16 is right."
356,What is the output of print(3 * -2)?,5,-5,-6,1,-6,"Multiplication of 3 and -2 gives -6, so -6 is right."
357,What is the output of print(2 * -6)?,-4,-12,-13,Error,-12,"Multiplication of 2 and -6 gives -12, so -12 is right."
358,What is type({}.keys()).__name__?,dict_keys,set,dict_items,view,dict_keys,"Dictionary view objects like dict_keys are special views, not plain lists."
359,What is the output of print(0 * -5)?,1,0,5,-1,0,"Multiplication of 0 and -5 gives 0, so 0 is right."
360,What is the output of print(-8 * -2)?,16,-6,-10,17,16,"Multiplication of -8 and -2 gives 16, so 16 is right."
361,What is the output of print(-1 * -6)?,Error,6,5,-7,6,"Multiplication of -1 and -6 gives 6, so 6 is right."
362,What is the output of print(-4 * -8)?,32,-12,Error,4,32,"Multiplication of -4 and -8 gives 32, so 32 is right."
363,"What is isinstance(True,int)?",'',FALSE,0,TRUE,TRUE,"This follows Python’s rules for that operation, so this truth value is the expected outcome."
364,What is the output of print(8 * -4)?,-33,4,-31,-32,-32,"Multiplication of 8 and -4 gives -32, so -32 is right."
365,What is the output of print(0 * -5)?,-1,1,Error,0,0,"Multiplication of 0 and -5 gives 0, so 0 is right."
366,What is the output of print(0 * 3)?,-1,3,1,0,0,"Multiplication of 0 and 3 gives 0, so 0 is right."
367,What is the output of print(6 * -3)?,3,-17,-18,-19,-18,"Multiplication of 6 and -3 gives -18, so -18 is right."
368,What is the output of print(-2 * 9)?,Error,-18,-11,7,-18,"Multiplication of -2 and 9 gives -18, so -18 is right."
369,What is the output of print(-8 * 0)?,Error,1,0,-1,0,"Multiplication of -8 and 0 gives 0, so 0 is right."
370,What is the file mode to read text (default)?,rb,r,w,rw,r,r opens a file for reading text by default.
371,What is the result of 2**3?,8,6,23,9,8,The exponent operator ** raises 2 to the power 3 which is 8.
372,What is the output of print(5 * -4)?,-19,Error,-20,9,-20,"Multiplication of 5 and -4 gives -20, so -20 is right."
373,"What is sorted([3,1,2])?","(1,2,3)","[1, 2, 3]","[1,3,2]","[3,2,1]","[1, 2, 3]","sorted creates and returns a new sorted list, leaving the original alone."
374,What is the output of print(8 * 7)?,15,55,Error,56,56,"Multiplication of 8 and 7 gives 56, so 56 is right."
375,Which module helps parse command-line arguments?,click,sys,shlex,argparse,argparse,argparse parses command-line arguments and automatically builds help messages.
376,What is 'python'.find('z')?,None,FALSE,0,-1,-1,-1 is correct because it matches how this feature behaves in Python.
377,Which statement re-raises the current exception?,[],raise,retry,except,raise,raise is correct because it matches how this feature behaves in Python.
378,Which function schedules multiple coroutines to run concurrently?,asyncio.sleep,asyncio.gather,asyncio.run,asyncio.wait_for,asyncio.gather,asyncio.gather schedules multiple coroutines to run concurrently and waits for them.
379,What is the output of print(-3 * -1)?,-2,2,3,4,3,"Multiplication of -3 and -1 gives 3, so 3 is right."
380,Which method joins a list of strings with a separator?,join,combine,concat,append,join,join is correct because it matches how this feature behaves in Python.
381,Which module provides tools for working with iterators like permutations?,itertools,collections,random,typing,itertools,itertools houses fast iterator building blocks like permutations and combinations.
382,What is the output of print(4 * -6)?,-25,Error,-24,-2,-24,"Multiplication of 4 and -6 gives -24, so -24 is right."
383,What is the output of print(-7 * 8)?,Error,-56,-57,-15,-56,"Multiplication of -7 and 8 gives -56, so -56 is right."
384,What is the output of print(-3 * 9)?,-12,-26,-27,6,-27,"Multiplication of -3 and 9 gives -27, so -27 is right."
385,What is the output of print(-3 * 8)?,-24,-11,Error,5,-24,"Multiplication of -3 and 8 gives -24, so -24 is right."
386,Which function schedules multiple coroutines to run concurrently?,asyncio.sleep,asyncio.run,asyncio.gather,(),asyncio.gather,asyncio.gather schedules multiple coroutines to run concurrently and waits for them.
387,What is the output of print(-6 * 0)?,0,Error,-6,1,0,"Multiplication of -6 and 0 gives 0, so 0 is right."
388,What is the output of print(4 * -4)?,-16,8,-15,Error,-16,"Multiplication of 4 and -4 gives -16, so -16 is right."
389,What is the output of print(5 * 6)?,Error,31,-1,30,30,"Multiplication of 5 and 6 gives 30, so 30 is right."
390,What is the output of print(-1 * -9)?,Error,8,9,10,9,"Multiplication of -1 and -9 gives 9, so 9 is right."
391,What is the output of print(-4 * 6)?,Error,-25,-24,-23,-24,"Multiplication of -4 and 6 gives -24, so -24 is right."
392,What is the output of print(-9 * -3)?,-12,Error,26,27,27,"Multiplication of -9 and -3 gives 27, so 27 is right."
393,What is the output of print(-5 * 2)?,-11,-7,-10,-9,-10,"Multiplication of -5 and 2 gives -10, so -10 is right."
394,What is the output of print(4 * 1)?,4,3,5,Error,4,"Multiplication of 4 and 1 gives 4, so 4 is right."
395,What is the correct file extension for Python source files?,.pyc,.py,.pt,.pyt,.py,.py is correct because it matches how this feature behaves in Python.
396,What is the output of print(2 * -6)?,8,-4,-12,-11,-12,"Multiplication of 2 and -6 gives -12, so -12 is right."
397,What is the output of print(1 * -9)?,-10,-8,Error,-9,-9,"Multiplication of 1 and -9 gives -9, so -9 is right."
398,Which operator tests object identity?,is,id,in,(),is,"is checks whether two names reference the same object, not just equal values."
399,What is the output of print(-1 * -4)?,5,-5,4,Error,4,"Multiplication of -1 and -4 gives 4, so 4 is right."
400,What is the output of print(2 * 7)?,14,15,-5,9,14,"Multiplication of 2 and 7 gives 14, so 14 is right."
401,What is the output of print(9 * 8)?,1,Error,72,71,72,"Multiplication of 9 and 8 gives 72, so 72 is right."
402,What is the output of print(type([]).__name__)?,list,set,dict,object,list,"Lists use square brackets and are mutable ordered collections, so their type is list."
403,What is the output of print(8 * 0)?,8,0,1,-1,0,"Multiplication of 8 and 0 gives 0, so 0 is right."
404,What is the output of print(2 * -7)?,9,Error,-13,-14,-14,"Multiplication of 2 and -7 gives -14, so -14 is right."
405,What is the output of print(4 * 8)?,-4,33,32,Error,32,"Multiplication of 4 and 8 gives 32, so 32 is right."
406,What is 'Python'.lower()?,python,Python,PYTHON,pYTHON,python,"String methods return new strings without changing the original, and this method does exactly what its name says."
407,What is the output of print(5 * 4)?,20,21,Error,19,20,"Multiplication of 5 and 4 gives 20, so 20 is right."
408,What is the output of print(-5 * -2)?,11,Error,10,-3,10,"Multiplication of -5 and -2 gives 10, so 10 is right."
409,What is the output of print(0 * 5)?,5,0,1,-5,0,"Multiplication of 0 and 5 gives 0, so 0 is right."
410,"What does {'a':1}.get('b',99) return?",KeyError,99,None,0,99,"get returns the default you pass when the key is missing, so you see 99."
411,What is the output of print(-8 * 5)?,-40,-13,-3,-41,-40,"Multiplication of -8 and 5 gives -40, so -40 is right."
412,What is the output of print(-9 * -1)?,9,Error,8,-8,9,"Multiplication of -9 and -1 gives 9, so 9 is right."
413,Which method joins a list of strings with a separator?,merge,join,combine,concat,join,join is correct because it matches how this feature behaves in Python.
414,What is the output of print(6 * 0)?,1,6,-1,0,0,"Multiplication of 6 and 0 gives 0, so 0 is right."
415,What is the output of print(4 * -5)?,-21,-20,-19,9,-20,"Multiplication of 4 and -5 gives -20, so -20 is right."
416,"What is len(set([1,1,2]))?",1,0,2,3,2,"len counts elements in the sequence, so the result matches the number of items shown."
417,"What does {'a':1}.get('b',99) return?",1,0,None,99,99,"get returns the default you pass when the key is missing, so you see 99."
418,What is the output of print(-4 * 9)?,-36,-37,5,-35,-36,"Multiplication of -4 and 9 gives -36, so -36 is right."
419,What is ''.strip()?,' ',,None,[],,nan is correct because it matches how this feature behaves in Python.
420,What is the output of print(3 * -7)?,-4,-20,-21,-22,-21,"Multiplication of 3 and -7 gives -21, so -21 is right."
421,"What is [1,2,3] + [4]?","[4,1,2,3]","[1,2,3]+[4]","[1,2,3]","[1, 2, 3, 4]","[1, 2, 3, 4]","[1, 2, 3, 4] is correct because it matches how this feature behaves in Python."
422,What is the output of print(-5 * 1)?,-6,Error,-4,-5,-5,"Multiplication of -5 and 1 gives -5, so -5 is right."
423,"What is {1,2,3} == {3,2,1}?",0,Error,TRUE,None,TRUE,Set equality ignores order; same elements mean True.
424,What is the output of print(9 * 7)?,Error,63,62,2,63,"Multiplication of 9 and 7 gives 63, so 63 is right."
425,What is the output of print(4 * -1)?,-3,-4,-5,Error,-4,"Multiplication of 4 and -1 gives -4, so -4 is right."
426,Which keyword creates a generator inside a function?,yield,generate,produce,'',yield,yield turns a function into a generator that produces values lazily.
427,What is the output of print(8 * 4)?,32,12,31,4,32,"Multiplication of 8 and 4 gives 32, so 32 is right."
428,What is the output of print(-1 * -9)?,-10,10,8,9,9,"Multiplication of -1 and -9 gives 9, so 9 is right."
429,Which library path object uses the / operator to join?,os.path,sys.path,pathlib.Path,shutil,pathlib.Path,pathlib.Path overloads the division operator to join path parts neatly.
430,What is the output of print(-9 * 4)?,-35,-5,-36,-13,-36,"Multiplication of -9 and 4 gives -36, so -36 is right."
431,Which collection does not allow duplicate elements?,list,set,deque,tuple,set,"Sets keep unique elements only, so duplicates collapse to one."
432,Which module helps parse command-line arguments?,shlex,getopt,click,argparse,argparse,argparse parses command-line arguments and automatically builds help messages.
433,What is the output of print(0 * 5)?,0,-1,-5,1,0,"Multiplication of 0 and 5 gives 0, so 0 is right."
434,What is the output of print(0 * -2)?,2,0,-1,1,0,"Multiplication of 0 and -2 gives 0, so 0 is right."
435,What is the output of print(9 * 9)?,18,82,Error,81,81,"Multiplication of 9 and 9 gives 81, so 81 is right."
436,What is the output of print(9 * 4)?,36,37,5,Error,36,"Multiplication of 9 and 4 gives 36, so 36 is right."
437,What is the output of print(6 * -2)?,4,-12,Error,8,-12,"Multiplication of 6 and -2 gives -12, so -12 is right."
438,What is the output of print(0 * 9)?,0,1,9,-9,0,"Multiplication of 0 and 9 gives 0, so 0 is right."
439,What is the output of print(-1 * -6)?,5,-7,6,7,6,"Multiplication of -1 and -6 gives 6, so 6 is right."
440,What is the output of print(1 * -9)?,-10,-8,-9,10,-9,"Multiplication of 1 and -9 gives -9, so -9 is right."
441,What is the output of print(8 * 5)?,41,Error,40,39,40,"Multiplication of 8 and 5 gives 40, so 40 is right."
442,What is bool([0])?,FALSE,TRUE,None,FALSE,TRUE,"Non-empty lists are truthy, even if they contain zero; so this is True."
443,What is the output of print(5 * 0)?,1,5,0,-1,0,"Multiplication of 5 and 0 gives 0, so 0 is right."
444,What is the output of print(1 * 0)?,Error,-1,0,1,0,"Multiplication of 1 and 0 gives 0, so 0 is right."
445,What is the output of print(3 * 2)?,6,Error,1,7,6,"Multiplication of 3 and 2 gives 6, so 6 is right."
446,What is 'Python'.lower()?,python,pYTHON,PYTHON,Python,python,"String methods return new strings without changing the original, and this method does exactly what its name says."
447,What is the output of print(5 * 6)?,-1,31,Error,30,30,"Multiplication of 5 and 6 gives 30, so 30 is right."
448,What is the output of print(5 * -3)?,-16,8,-15,2,-15,"Multiplication of 5 and -3 gives -15, so -15 is right."
449,Which keyword creates a generator inside a function?,generate,return,yield,produce,yield,yield turns a function into a generator that produces values lazily.
450,What is the output of print(-9 * -4)?,-13,-5,36,37,36,"Multiplication of -9 and -4 gives 36, so 36 is right."
451,What is type(range(3)).__name__?,generator,range,iterator,tuple,range,range objects have their own type in Python and generate sequences lazily.
452,What is the output of print(-4 * -4)?,-8,0,Error,16,16,"Multiplication of -4 and -4 gives 16, so 16 is right."
453,"What is len(set([1,1,2]))?",1,3,0,2,2,"len counts elements in the sequence, so the result matches the number of items shown."
454,What is the output of print(4 * -3)?,7,Error,-11,-12,-12,"Multiplication of 4 and -3 gives -12, so -12 is right."
455,What is the output of print(4 * -3)?,Error,-11,7,-12,-12,"Multiplication of 4 and -3 gives -12, so -12 is right."
456,What does len('hello') return?,6,0,5,4,5,"len counts elements in the sequence, so the result matches the number of items shown."
457,What is the output of print(3 * -2)?,Error,1,-5,-6,-6,"Multiplication of 3 and -2 gives -6, so -6 is right."
458,What is the file mode to read text (default)?,r,rt,rb,(),r,r opens a file for reading text by default.
459,What is the output of print(2 * -6)?,-13,Error,-12,-11,-12,"Multiplication of 2 and -6 gives -12, so -12 is right."
460,Which keyword is used to define a coroutine function?,TRUE,await def,def coroutine,async def,async def,async def defines a coroutine function that can be awaited.
461,What is the output of print(-3 * 2)?,Error,-6,-7,-1,-6,"Multiplication of -3 and 2 gives -6, so -6 is right."
462,What is the output of print(7 * 3)?,Error,21,22,4,21,"Multiplication of 7 and 3 gives 21, so 21 is right."
463,What is the output of print(-5 * 8)?,-41,-13,-39,-40,-40,"Multiplication of -5 and 8 gives -40, so -40 is right."
464,What is the output of print(3 * -6)?,-3,-18,-19,9,-18,"Multiplication of 3 and -6 gives -18, so -18 is right."
465,What is the output of print(-2 * 5)?,-7,3,-11,-10,-10,"Multiplication of -2 and 5 gives -10, so -10 is right."
466,"What is len(set([1,1,2]))?",1,2,0,Error,2,"len counts elements in the sequence, so the result matches the number of items shown."
467,What is the output of print(9 * 7)?,Error,2,16,63,63,"Multiplication of 9 and 7 gives 63, so 63 is right."
468,What is the output of print(-3 * 8)?,Error,-24,-23,5,-24,"Multiplication of -3 and 8 gives -24, so -24 is right."
469,What is -3 % 2?,-1,3,1,2,1,1 is correct because it matches how this feature behaves in Python.
470,Which statement is used to handle exceptions?,handle ... except,try ... except,if ... else,trap ... recover,try ... except,try ... except is correct because it matches how this feature behaves in Python.
471,Which keyword defines a function in Python?,0,func,lambda,def,def,def is correct because it matches how this feature behaves in Python.
472,What is the output of print(5 * 0)?,5,0,Error,1,0,"Multiplication of 5 and 0 gives 0, so 0 is right."
473,What is the output of print(-4 * 0)?,Error,-4,-1,0,0,"Multiplication of -4 and 0 gives 0, so 0 is right."
474,What is the output of print(-5 * 8)?,-39,-40,-13,-41,-40,"Multiplication of -5 and 8 gives -40, so -40 is right."
475,What is the output of print(-3 * -8)?,Error,5,24,25,24,"Multiplication of -3 and -8 gives 24, so 24 is right."
476,What is the output of print(-4 * 6)?,-24,2,Error,-10,-24,"Multiplication of -4 and 6 gives -24, so -24 is right."
477,What is the output of print(3 * 1)?,3,Error,2,4,3,"Multiplication of 3 and 1 gives 3, so 3 is right."
478,What is the output of print(1 * -2)?,-3,Error,-2,-1,-2,"Multiplication of 1 and -2 gives -2, so -2 is right."
479,What is the output of print(-9 * -3)?,-6,27,Error,26,27,"Multiplication of -9 and -3 gives 27, so 27 is right."
480,What is the output of print(7 * 3)?,22,20,21,Error,21,"Multiplication of 7 and 3 gives 21, so 21 is right."
481,"Which function returns an iterator of (index, value) pairs?",enumerate,zip,map,TRUE,enumerate,enumerate gives you index and value for each item as you iterate.
482,Which keyword prevents a dataclass from being mutable?,static=True,final=True,frozen=True,sealed=True,frozen=True,frozen=True is correct because it matches how this feature behaves in Python.
483,What is the output of print(4 * -8)?,-32,-4,-31,-33,-32,"Multiplication of 4 and -8 gives -32, so -32 is right."
484,What is the output of print(5 * 3)?,16,14,8,15,15,"Multiplication of 5 and 3 gives 15, so 15 is right."
485,What is the output of print(-1 * 1)?,-2,0,-1,Error,-1,"Multiplication of -1 and 1 gives -1, so -1 is right."
486,What is the output of print(-7 * 4)?,-29,-3,-28,-27,-28,"Multiplication of -7 and 4 gives -28, so -28 is right."
487,What is the output of print(-5 * 8)?,3,-40,-41,-13,-40,"Multiplication of -5 and 8 gives -40, so -40 is right."
488,Which built-in converts bytes to str?,bytes.decode,format,str.encode,repr,bytes.decode,bytes.decode is correct because it matches how this feature behaves in Python.
489,What is the output of print(-2 * 6)?,-12,Error,-13,4,-12,"Multiplication of -2 and 6 gives -12, so -12 is right."
490,"What is list(map(lambda x:x+1,[1,2]))?","[2,3,4]","[1,2]","[2, 3]","[3,4]","[2, 3]","[2, 3] is correct because it matches how this feature behaves in Python."
491,What is the output of print(5 * -3)?,2,-15,-16,-14,-15,"Multiplication of 5 and -3 gives -15, so -15 is right."
492,What is the output of print(8 * 1)?,9,7,8,Error,8,"Multiplication of 8 and 1 gives 8, so 8 is right."
493,"What is ''.join(['a','b'])?","['a','b']",ab,"a,b",a b,ab,join glues the strings together using the given separator; an empty separator just concatenates them.
494,What is the output of print(5 * 9)?,-4,44,45,14,45,"Multiplication of 5 and 9 gives 45, so 45 is right."
495,Which method returns a new sorted list without modifying the original?,order,sort,arrange,sorted,sorted,sorted is correct because it matches how this feature behaves in Python.
496,What does PEP stand for?,Python Extended Plan,Python Enhancement Proposal,TRUE,Python Engineering Plan,Python Enhancement Proposal,"PEP means Python Enhancement Proposal, which documents ideas and changes to the language."
497,What is the output of print(-8 * 9)?,-71,-73,-72,-17,-72,"Multiplication of -8 and 9 gives -72, so -72 is right."
498,What is the output of print(7 * 8)?,56,55,15,-1,56,"Multiplication of 7 and 8 gives 56, so 56 is right."
499,Which data structure is best for FIFO operations in collections?,list,tuple,collections.deque,set,collections.deque,"collections.deque is built for fast appends and pops from both ends, perfect for FIFO queues."
500,Which operator tests object identity?,in,equals,==,is,is,"is checks whether two names reference the same object, not just equal values."
